chunk_id,question,answer,n_sentences,sentences,sentences_join
03-Prospecto-Gadopril#0000,¿Qué forma tienen los comprimidos de Enalapril Maleato?,Comprimidos ranurados,2,"['Cada comprimido ranurado de GADOPRIL® 2,5 contiene: Enalapril maleato ......................................................................................2,50 mg', 'Cada comprimido ranurado de GADOPRIL® 5 contiene: Enalapril maleato ......................................................................................5,00 mg']","Cada comprimido ranurado de GADOPRIL® 2,5 contiene: Enalapril maleato ......................................................................................2,50 mg || Cada comprimido ranurado de GADOPRIL® 5 contiene: Enalapril maleato ......................................................................................5,00 mg"
03-Prospecto-Gadopril#0015,¿Cuánto tiempo tarda el enalaprilato en alcanzar concentraciones máximas en el suero después de una dosis oral de enalapril?,4 horas después de una dosis oral de enalapril,1,"['Tras la absorción, el enalapril oral se hidroliza rápida y extensamente en enalaprilato, un potente inhibidor de la enzima de conversión de angiotensina. El enalaprilato alcanza concentraciones máximas en el suero 4 horas después de una dosis oral de enalapril.']","Tras la absorción, el enalapril oral se hidroliza rápida y extensamente en enalaprilato, un potente inhibidor de la enzima de conversión de angiotensina. El enalaprilato alcanza concentraciones máximas en el suero 4 horas después de una dosis oral de enalapril."
03-Prospecto-Gadopril#0030,¿Cuál es el efecto adicional de la presión arterial sistémica que puede ocurrir en pacientes con insuficiencia cardiaca y presión arterial normal o baja al tomar Gadopril?,un descenso adicional de la presión arterial sistémica,1,['Gadopril® puede ocasionar un descenso adicional de la presión arterial sistémica. Este efecto es previsible y generalmente no obliga a interrumpir el tratamiento.'],Gadopril® puede ocasionar un descenso adicional de la presión arterial sistémica. Este efecto es previsible y generalmente no obliga a interrumpir el tratamiento.
03-Prospecto-Gadopril#0045,¿Qué dirección tiene la empresa GADOR S.A.?,"Darwin 429, C1414CUI, C.A.B.A., Argentina",1,"['GADOR S.A. Darwin 429, C1414CUI, C.A.B.A., Argentina - Tel: 4858-9000']","GADOR S.A. Darwin 429, C1414CUI, C.A.B.A., Argentina - Tel: 4858-9000"
FILTEN-D-G00081104-05#0060,¿Quién debe evitar tomar FILTEN® D?,"Pacientes con alergia a Carvedilol, Hidroclorotiazida o excipientes, insuficiencia cardiaca descompensada de clase IV, EPOC con bronquios obstruidos, hígado no funcionante bien, asma bronquial y enfermedad del corazón con bloqueo auriculoventricular de segundo y tercer grado sin marcapasos permanente.",4,"['No tome FILTEN° D si tiene: - Alergia a Carvedilol, a la Hidroclorotiazida, otras tiazidas o sulfonamidas o cualquiera de los excipientes. - Un tipo de insuficiencia cardiaca descompensada de la llamada clase IV (incapacidad del corazón para realizar su función de bombeo ante la actividad física y en reposo). -  Enfermedad  pulmonar  obstructiva  crónica  (EPOC)  con  los  bronquios  obstruidos (dificultad para respirar)', 'Si presenta alguna enfermedad del corazón. - Si toma otros medicamentos para el corazón, especialmente si está tomando alguno de los siguientes medicamentos debe informar a su médico: digitálicos (aumentan la fuerza del latido del corazón), diuréticos (aumentan la cantidad de orina), inhibidor de la ECA (medicamento antihipertensivo), antagonistas del calcio (medicamento antihipertensivo) y antiarritmicos (actúan sobre el ritmo del corazón).', 'Si tiene algún problema de tiroides. - Si es alérgico y recibe algún tratamiento para su alergia.', 'No debe interrumpir el tratamiento con FILTEN° D de forma brusca. La dosis se debe reducir gradualmente según las indicaciones de su médico.']","No tome FILTEN° D si tiene: - Alergia a Carvedilol, a la Hidroclorotiazida, otras tiazidas o sulfonamidas o cualquiera de los excipientes. - Un tipo de insuficiencia cardiaca descompensada de la llamada clase IV (incapacidad del corazón para realizar su función de bombeo ante la actividad física y en reposo). -  Enfermedad  pulmonar  obstructiva  crónica  (EPOC)  con  los  bronquios  obstruidos (dificultad para respirar) || Si presenta alguna enfermedad del corazón. - Si toma otros medicamentos para el corazón, especialmente si está tomando alguno de los siguientes medicamentos debe informar a su médico: digitálicos (aumentan la fuerza del latido del corazón), diuréticos (aumentan la cantidad de orina), inhibidor de la ECA (medicamento antihipertensivo), antagonistas del calcio (medicamento antihipertensivo) y antiarritmicos (actúan sobre el ritmo del corazón). || Si tiene algún problema de tiroides. - Si es alérgico y recibe algún tratamiento para su alergia. || No debe interrumpir el tratamiento con FILTEN° D de forma brusca. La dosis se debe reducir gradualmente según las indicaciones de su médico."
G00072104-08-ALPLAX_XR_web#0075,¿Cuánto debe reducirse la dosis diaria de ALPLAX cuando se interrumpe el tratamiento?,No más de 0.5 mg cada 3 días,1,"['Las reducciones de la medicación o la interrupción del tratamiento deben hacerse gradualmente, reduciendo la dosis diaria en no más de 0,5 mg cada 3 días.']","Las reducciones de la medicación o la interrupción del tratamiento deben hacerse gradualmente, reduciendo la dosis diaria en no más de 0,5 mg cada 3 días."
G00072104-08-ALPLAX_XR_web#0090,¿Cuál es el contenido de Alprazolam en cada comprimido de liberación sostenida de ALPLAX XR 1?,1 mg,1,"['Cada comprimido de liberación sostenida de ALPLAX XR® 1 contiene: Alprazolam ................................................................................. 1 mg. Excipientes: Lactosa, Hidroxipropilmetilcelulosa, Celulosa microcristalina, Estearato de magnesio, Rojo punzó ..................................... c.s.']","Cada comprimido de liberación sostenida de ALPLAX XR® 1 contiene: Alprazolam ................................................................................. 1 mg. Excipientes: Lactosa, Hidroxipropilmetilcelulosa, Celulosa microcristalina, Estearato de magnesio, Rojo punzó ..................................... c.s."
G00072203-01-april-web#0105,¿Qué síntoma puede ser malinterpretado como un trastorno respiratorio menos grave en mujeres que toman AOC?,disnea,1,"['Algunos de estos síntomas (p.ej., “disnea”, “tos”) son inespecíficos y se pueden malinterpretar como trastornos más frecuentes o menos graves (p.ej., infecciones del tracto respiratorio).']","Algunos de estos síntomas (p.ej., “disnea”, “tos”) son inespecíficos y se pueden malinterpretar como trastornos más frecuentes o menos graves (p.ej., infecciones del tracto respiratorio)."
G00072203-01-april-web#0120,¿Qué temperatura ambiente es recomendada para conservar este producto?,Entre 15°C y 30°C,1,"['Conservar a temperatura ambiente, entre 15°C y 30°C.']","Conservar a temperatura ambiente, entre 15°C y 30°C."
G00072601-09-AMBISOME-Prospecto-web#0135,¿Qué es el principio activo principal en AMBISOME?,Anfotericina B,2,"['Cada vial contiene 50 mg de anfotericina B encapsulada en liposomas como principio activo.', 'La anfotericina B es un antibiótico antifúngico poliénico macrocíclico producido por Streptomyces nodosus.']",Cada vial contiene 50 mg de anfotericina B encapsulada en liposomas como principio activo. || La anfotericina B es un antibiótico antifúngico poliénico macrocíclico producido por Streptomyces nodosus.
G00072601-09-AMBISOME-Prospecto-web#0150,¿Cuál es la frecuencia de hipopotasemia en pacientes que reciben AMBISOME?,Frecuente (> 10 %),4,"['Frecuente: hipopotasemia', 'Las reacciones adversas se presentan en orden decreciente de gravedad. Las frecuencias se definen como: Frecuente (> 10 %) Ocasional (1% al 10%) Rara (< 1%) Desconocida (no puede calcularse con los datos disponibles)', 'Trastornos del metabolismo y de la nutrición', 'Frecuente: hipopotasemia Ocasional: hiponatremia, hipocalcemia, hipomagnesemia, hiperglucemia']","Frecuente: hipopotasemia || Las reacciones adversas se presentan en orden decreciente de gravedad. Las frecuencias se definen como: Frecuente (> 10 %) Ocasional (1% al 10%) Rara (< 1%) Desconocida (no puede calcularse con los datos disponibles) || Trastornos del metabolismo y de la nutrición || Frecuente: hipopotasemia Ocasional: hiponatremia, hipocalcemia, hipomagnesemia, hiperglucemia"
G00072703-19-ATENOLOL_web#0165,¿Cuál es la cantidad de Atenolol en cada comprimido de ATENOLOL GADOR® 25?,25 mg,2,"['Cada comprimido de ATENOLOL GADOR® 25 contiene: Atenolol ......................................................................................................................................... 25 mg', 'Excipientes: Carbonato de magnesio, Almidón de maíz, Dióxido de silicio coloidal, Lauril sulfato de sodio, Croscarmelosa sódica, Celulosa microcristalina, Estearato de magnesio, Almidón pregelatinizado ....................................................................................................................................... c.s.']","Cada comprimido de ATENOLOL GADOR® 25 contiene: Atenolol ......................................................................................................................................... 25 mg || Excipientes: Carbonato de magnesio, Almidón de maíz, Dióxido de silicio coloidal, Lauril sulfato de sodio, Croscarmelosa sódica, Celulosa microcristalina, Estearato de magnesio, Almidón pregelatinizado ....................................................................................................................................... c.s."
G00072703-19-ATENOLOL_web#0180,¿Qué tratamiento se recomienda para la bradicardia causada por sobredosis de atenolol?,Atropina intravenosa,2,"['Atropina intravenosa; si no se tiene respuesta, aplicar isoproterenol. En casos rebeldes, está indicado el marcapasos.', 'Si es necesario, se puede agregar una dosis en bolo de 10 mg/hora de glucagón por vía intravenosa dependiendo de la respuesta.']","Atropina intravenosa; si no se tiene respuesta, aplicar isoproterenol. En casos rebeldes, está indicado el marcapasos. || Si es necesario, se puede agregar una dosis en bolo de 10 mg/hora de glucagón por vía intravenosa dependiendo de la respuesta."
G00072803-14-alplax-digest-web#0195,¿Cuál es el porcentaje de unión a las proteínas séricas de sulpirida?,menor del 40%,1,['El porcentaje de unión a las proteínas séricas de sulpirida es menor del 40%'],El porcentaje de unión a las proteínas séricas de sulpirida es menor del 40%
G00072803-14-alplax-digest-web#0210,¿Cuál es el efecto adverso más común del alprazolam?,Somnolencia o aturdimiento,2,"['Los eventos adversos más frecuentes son probablemente una extensión de la actividad farmacológica de alprazolam, por ejemplo, somnolencia o aturdimiento.', 'Abajo se detallan los eventos adversos descriptos en estudios clínicos en trastornos de ansiedad y trastorno de pánico, con o sin agorafobia.']","Los eventos adversos más frecuentes son probablemente una extensión de la actividad farmacológica de alprazolam, por ejemplo, somnolencia o aturdimiento. || Abajo se detallan los eventos adversos descriptos en estudios clínicos en trastornos de ansiedad y trastorno de pánico, con o sin agorafobia."
G00072904-04-web#0240,¿Cuál es el tratamiento recomendado para la sobredosis de allopurinol?,"El tratamiento orientativo inicial de la sobredosis incluye vómito provocado o lavado gástrico, carbón activado, purgante salino, hemodiálisis y otros procedimientos terapéuticos necesarios.",6,"['La reacción más común sería la intolerancia gastrointestinal.', 'La hidratación adecuada para mantener la diuresis óptima facilita la excreción de allopurinol y sus metabolitos. Si se considera necesario, se podrá dializar al paciente.', 'Luego de la cuidadosa evaluación clínica del paciente, de la valorización del tiempo transcurrido desde la ingesta o administración, de la cantidad  de  tóxicos  ingeridos  y  descartando  la  contraindicación  de ciertos procedimientos, el profesional decidirá la realización o no del tratamiento  general  de  rescate: vómito  provocado  o  lavado  gástrico, carbón activado, purgante salino (45 a 60 minutos luego del carbón activado),  hemodiálisis  o  aquellos  procedimientos  terapéuticos  que considere necesarios.', 'Ante la eventualidad de una sobredosificación, concurrir al Hospital más cercano o comunicarse con los centros de Toxicología: HOSPITAL DE PEDIATRÍA RICARDO GUTIÉRREZ - BUENOS AIRES: (011) 4962-6666/2247', 'Optativamente otros Centros de Intoxicaciones.', 'Síntomas y signos Se ha informado de la ingestión de hasta 22,5 g de allopurinol sin efectos adversos. Los síntomas y signos incluyeron náuseas, vómitos, diarrea y aturdimiento en pacientes que habían ingerido 20 g de allopurinol. La recuperación fue inmediata tras el tratamiento habitual en estos casos.']","La reacción más común sería la intolerancia gastrointestinal. || La hidratación adecuada para mantener la diuresis óptima facilita la excreción de allopurinol y sus metabolitos. Si se considera necesario, se podrá dializar al paciente. || Luego de la cuidadosa evaluación clínica del paciente, de la valorización del tiempo transcurrido desde la ingesta o administración, de la cantidad  de  tóxicos  ingeridos  y  descartando  la  contraindicación  de ciertos procedimientos, el profesional decidirá la realización o no del tratamiento  general  de  rescate: vómito  provocado  o  lavado  gástrico, carbón activado, purgante salino (45 a 60 minutos luego del carbón activado),  hemodiálisis  o  aquellos  procedimientos  terapéuticos  que considere necesarios. || Ante la eventualidad de una sobredosificación, concurrir al Hospital más cercano o comunicarse con los centros de Toxicología: HOSPITAL DE PEDIATRÍA RICARDO GUTIÉRREZ - BUENOS AIRES: (011) 4962-6666/2247 || Optativamente otros Centros de Intoxicaciones. || Síntomas y signos Se ha informado de la ingestión de hasta 22,5 g de allopurinol sin efectos adversos. Los síntomas y signos incluyeron náuseas, vómitos, diarrea y aturdimiento en pacientes que habían ingerido 20 g de allopurinol. La recuperación fue inmediata tras el tratamiento habitual en estos casos."
G00072904-04-web#0255,¿Quién debe evitar tomar ALLOPURINOL GADOR 100 o ALLOPURINOL GADOR 300 si está embarazada?,Si se encuentra embarazada.,3,"['Si se encuentra embarazada.', 'Usted NO debe tomar ALLOPURINOL GADOR 100 o ALLOPURINOL GADOR 300:', '• Si se encuentra embarazada.']",Si se encuentra embarazada. || Usted NO debe tomar ALLOPURINOL GADOR 100 o ALLOPURINOL GADOR 300: || • Si se encuentra embarazada.
G00073003-10-alplax-web#0270,"¿Cuál es el contenido de Almidón pregelatinizado en cada comprimido de ALPLAX® 0,5?",0.33 mg,2,"['Cada comprimido de ALPLAX® 0,25 contiene: Alprazolam ......................................................................................................................... 0,25 mg Excipientes: Crospovidona .................................................................................................................... 1,65 mg Lactosa monohidrato........................................................................................................ 1,84 mg Dióxido de silicio coloidal ................................................................................................ 0,25 mg Almidón de maíz ............................................................................................................... 0,79 mg Almidón pregelatinizado ................................................................................................ 0,33 mg Polisorbato 60 ......................................................................................................................0,5 mg Celactosa ........................................................................................................................ 149,47 mg Croscaramelosa sódica........................................................................................................6,6 mg Tartrazina laca alumínica .................................................................................................. 0,02 mg Estearato de magnesio ........................................................................................................3,3 mg', 'Cada comprimido de ALPLAX® 0,5 contiene: Alprazolam ............................................................................................................................0,5 mg Excipientes: Crospovidona .......................................................................................................................3,3 mg Lactosa monohidrato......................................................................................................3,682 mg Dióxido de silicio coloidal ..............................................................................................0,495 mg Almidón de maíz ............................................................................................................. 1,578 mg Almidón pregelatinizado ...............................................................................................0,660 mg Polisorbato 60 .................................................................................................................0,990 mg Celactosa ........................................................................................................................143,84 mg Croscaramelosa sódica...................................................................................................6,600 mg Azul brillante laca alumínica..........................................................................................0,009 mg Indigotina laca alumínica ..............................................................................................0,046 mg Estearato de magnesio ...................................................................................................3,300 mg']","Cada comprimido de ALPLAX® 0,25 contiene: Alprazolam ......................................................................................................................... 0,25 mg Excipientes: Crospovidona .................................................................................................................... 1,65 mg Lactosa monohidrato........................................................................................................ 1,84 mg Dióxido de silicio coloidal ................................................................................................ 0,25 mg Almidón de maíz ............................................................................................................... 0,79 mg Almidón pregelatinizado ................................................................................................ 0,33 mg Polisorbato 60 ......................................................................................................................0,5 mg Celactosa ........................................................................................................................ 149,47 mg Croscaramelosa sódica........................................................................................................6,6 mg Tartrazina laca alumínica .................................................................................................. 0,02 mg Estearato de magnesio ........................................................................................................3,3 mg || Cada comprimido de ALPLAX® 0,5 contiene: Alprazolam ............................................................................................................................0,5 mg Excipientes: Crospovidona .......................................................................................................................3,3 mg Lactosa monohidrato......................................................................................................3,682 mg Dióxido de silicio coloidal ..............................................................................................0,495 mg Almidón de maíz ............................................................................................................. 1,578 mg Almidón pregelatinizado ...............................................................................................0,660 mg Polisorbato 60 .................................................................................................................0,990 mg Celactosa ........................................................................................................................143,84 mg Croscaramelosa sódica...................................................................................................6,600 mg Azul brillante laca alumínica..........................................................................................0,009 mg Indigotina laca alumínica ..............................................................................................0,046 mg Estearato de magnesio ...................................................................................................3,300 mg"
G00073003-10-alplax-web#0285,¿Cuál es la dosis de Alprazolam en cada comprimido de ALPLAX® 2?,2 mg,2,"['Cada comprimido de ALPLAX® 2 contiene: Alprazolam ............................................................................................................................... 2 mg', 'La dosis usual inicial es de 0,25 a 0,5 mg tres veces por día,']","Cada comprimido de ALPLAX® 2 contiene: Alprazolam ............................................................................................................................... 2 mg || La dosis usual inicial es de 0,25 a 0,5 mg tres veces por día,"
G00073003-10-alplax-web#0300,¿Cuál es la temperatura máxima permitida para conservar el medicamento ALPLAX?,25°C,1,['Conservar a temperatura ambiente hasta 25°C. Protegido de la luz.'],Conservar a temperatura ambiente hasta 25°C. Protegido de la luz.
G00073204-10-alplax-net-web#0315,¿Cuál es el efecto de la cimetidina en las concentraciones plasmáticas de alprazolam?,Incrementa las concentraciones plasmáticas de alprazolam,1,"['Cimetidina: incrementa las concentraciones plasmáticas de alprazolam, disminuye la eliminación en un 42% e incrementa la vida media en un 16%.']","Cimetidina: incrementa las concentraciones plasmáticas de alprazolam, disminuye la eliminación en un 42% e incrementa la vida media en un 16%."
G00073301-06-ProspectoWebAminomux#0330,¿Cuál es la velocidad máxima de infusión recomendada para el pamidronato disódico en pacientes con insuficiencia renal establecida o sospechada?,22 mg/hora,2,"['La velocidad de infusión no debe superar los 60 mg/hora (1 mg/ min),', 'En pacientes con insuficiencia renal establecida o sospechada (por ejemplo, aquellos con hipercalcemia inducida por el tumor o mieloma múltiple), se recomienda que la velocidad de infusión no exceda los 22 mg/hora.']","La velocidad de infusión no debe superar los 60 mg/hora (1 mg/ min), || En pacientes con insuficiencia renal establecida o sospechada (por ejemplo, aquellos con hipercalcemia inducida por el tumor o mieloma múltiple), se recomienda que la velocidad de infusión no exceda los 22 mg/hora."
G00073301-06-ProspectoWebAminomux#0345,¿Cuál es la temperatura máxima permitida para almacenar el medicamento AMINOMUX?,25°C,3,"['Conservar en lugar seco a temperatura ambiente inferior a 25°C.', 'La solución reconstituida se mantiene estable por hasta 24 horas si es conservada en la heladera (2°C a 8°C).', 'Luego de la dilución, la solución es física y químicamente estable por hasta 24 horas a temperatura ambiente que no exceda los 25oC.']","Conservar en lugar seco a temperatura ambiente inferior a 25°C. || La solución reconstituida se mantiene estable por hasta 24 horas si es conservada en la heladera (2°C a 8°C). || Luego de la dilución, la solución es física y químicamente estable por hasta 24 horas a temperatura ambiente que no exceda los 25oC."
G00073406-03-ProspectoWebBiletan-BiletanForte-BiletanForte200#0360,¿Cuál es la temperatura óptima para conservar BILETAN FORTE 200?,Entre 15°C y 25°C,1,"['Conservar a temperatura entre 15°C y 25°C, protegido de la luz.']","Conservar a temperatura entre 15°C y 25°C, protegido de la luz."
G00073701-09-Coracil_web#0375,¿Cuál fue la reducción del C-LDL en pacientes que tomaron ezetimibe 10 mg en combinación con simvastatina 20 mg?,38%,1,"['Después de un año, incluyendo a los pacientes que ya no tomaban la medicación del estudio, el C-LDL se redujo en un 26% en relación a placebo por simvastatina 20 mg sola y un 38% con ezetimibe 10 mg en combinación con simvastatina 20 mg.']","Después de un año, incluyendo a los pacientes que ya no tomaban la medicación del estudio, el C-LDL se redujo en un 26% en relación a placebo por simvastatina 20 mg sola y un 38% con ezetimibe 10 mg en combinación con simvastatina 20 mg."
G00073701-09-Coracil_web#0390,¿Qué edad mínima recomienda el uso de CORACIL en niños?,10 años,1,['No se recomienda el tratamiento con CORACIL® en niños <10 años.'],No se recomienda el tratamiento con CORACIL® en niños <10 años.
G00073803-12-biletan-e-web#0405,¿Cuál es el máximo de unidades de lipasa por kilogramo de peso recomendado?,10000-12000 unidades de lipasa por kilogramo de peso,1,"['Orientativamente 1 ó 2 comprimidos durante la comida, sin masticar y con abundante agua. Se puede aumentar la dosis varias veces, de ser necesario, hasta un máximo de aproximadamente 10000-12000 unidades de lipasa por kilogramo de peso,']","Orientativamente 1 ó 2 comprimidos durante la comida, sin masticar y con abundante agua. Se puede aumentar la dosis varias veces, de ser necesario, hasta un máximo de aproximadamente 10000-12000 unidades de lipasa por kilogramo de peso,"
G00074603-13-danantizol-web#0420,¿Cómo actúa el metimazol en la síntesis de hormonas tiroideas?,El metimazol actúa bloqueando la síntesis de hormonas tiroideas T3 y T4 interfiriendo en la incorporación del yodo en los residuos tirosil de la tiroglobulina.,2,"['El metimazol reduce la concentración de yodo inorgánico disminuyendo la formación de los precursores de las hormonas tiroideas di-yodotirosina y tiroxina.', 'Así pues, el metimazol actúa modificando la síntesis de las hormonas tiroideas, pero no altera la acción de las hormonas tiroideas ya sintetizadas.']","El metimazol reduce la concentración de yodo inorgánico disminuyendo la formación de los precursores de las hormonas tiroideas di-yodotirosina y tiroxina. || Así pues, el metimazol actúa modificando la síntesis de las hormonas tiroideas, pero no altera la acción de las hormonas tiroideas ya sintetizadas."
G00074704-02-Cortipyren_B_web#0435,¿Cuántos miligramos de Lactosa Monohidrato contiene cada comprimido de CORTIPYREN B 4?,"74,660 mg",2,"['Cada comprimido de CORTIPYREN® B 4 contiene: Meprednisona (16-β-metilprednisona) ....................................4,000 mg Excipientes: Lactosa Monohidrato.................................................................74,660 mg', 'Cada comprimido de CORTIPYREN B 8 contiene: Meprednisona (16-β-metilprednisona) ....................................8,000 mg Excipientes: Lactosa Monohidrato...............................................................149,315 mg']","Cada comprimido de CORTIPYREN® B 4 contiene: Meprednisona (16-β-metilprednisona) ....................................4,000 mg Excipientes: Lactosa Monohidrato.................................................................74,660 mg || Cada comprimido de CORTIPYREN B 8 contiene: Meprednisona (16-β-metilprednisona) ....................................8,000 mg Excipientes: Lactosa Monohidrato...............................................................149,315 mg"
G00074704-02-Cortipyren_B_web#0450,¿Qué efecto secundario puede ocurrir con el uso prolongado de glucocorticoides?,Coriorretinopatía central serosa y pérdida de la visión.,2,"['El tratamiento con glucocorticoides por vía sistémica puede causar coriorretinopatía, que puede llevar a trastornos visuales incluyendo la pérdida de la visión.', 'El uso prolongado de glucocorticoides por vía sistémica incluso a bajas dosis puede causar coriorretinopatia central serosa.']","El tratamiento con glucocorticoides por vía sistémica puede causar coriorretinopatía, que puede llevar a trastornos visuales incluyendo la pérdida de la visión. || El uso prolongado de glucocorticoides por vía sistémica incluso a bajas dosis puede causar coriorretinopatia central serosa."
G00074902-04-Clinadol_Fte_y_Fote_AP-web#0465,¿Cuál es el riesgo de sangrado gastrointestinal en pacientes con antecedentes de úlcera o sangrado gastrointestinal que toman AINES?,Diez veces mayor que en pacientes sin antecedentes de úlcera o sangrado gastrointestinal.,2,"['Los AINES deben ser prescriptos con extrema precaución, en los pacientes con antecedentes de úlcera o sangrado gastrointestinal, dado que estos pacientes presentan un aumento de diez veces, en el riesgo de presentar sangrado gastrointestinal.', 'Otros factores de riesgo que incrementan el riesgo de sangrado gastrointestinal asociado al uso de AINES incluyen: el uso concomitante de corticoides orales, anticoagulantes, tabaquismo, consumo de alcohol, edad avanzada y malas condiciones de salud en general.']","Los AINES deben ser prescriptos con extrema precaución, en los pacientes con antecedentes de úlcera o sangrado gastrointestinal, dado que estos pacientes presentan un aumento de diez veces, en el riesgo de presentar sangrado gastrointestinal. || Otros factores de riesgo que incrementan el riesgo de sangrado gastrointestinal asociado al uso de AINES incluyen: el uso concomitante de corticoides orales, anticoagulantes, tabaquismo, consumo de alcohol, edad avanzada y malas condiciones de salud en general."
G00075106-08-filten-web#0480,¿Cuál es la cantidad de Carvedilol en cada comprimido ranurado de FILTEN® 50?,50 mg,2,"['Cada comprimido ranurado de FILTEN® 50 contiene: Carvedilol ............................................................................................. 50 mg', 'Excipientes: Dióxido de silicio coloidal, Indigotina Laca Aluminica 100%, Amarillo quinoleína laca alumínica 100%, Lactosa monohidrato, Croscarmelosa sódica, Povidona, Poloxámero 188, Coprocesado de celulosa-lactosa, Estearato de magnesio vegetal .................................c.s.']","Cada comprimido ranurado de FILTEN® 50 contiene: Carvedilol ............................................................................................. 50 mg || Excipientes: Dióxido de silicio coloidal, Indigotina Laca Aluminica 100%, Amarillo quinoleína laca alumínica 100%, Lactosa monohidrato, Croscarmelosa sódica, Povidona, Poloxámero 188, Coprocesado de celulosa-lactosa, Estearato de magnesio vegetal .................................c.s."
G00075106-08-filten-web#0495,"¿Qué excipiente contiene el comprimido ranurado de FILTEN® 3,125?","Lactosa monohidrato, Almidón de maíz, Croscaramelosa sódica, Povidona, Dióxido de silicio coloidal, Laca alumínica FD&C azul y Estearato de magnesio",1,"['Cada comprimido ranurado de FILTEN® 3,125 contiene: Carvedilol ......................................................................................3,125 mg Excipientes: Lactosa monohidrato, Almidón de maíz, Croscaramelosa sódica, Povidona, Dióxido de silicio coloidal, Laca alumínica FD&C azul N°2, Estearato de magnesio ................................................................. c.s.']","Cada comprimido ranurado de FILTEN® 3,125 contiene: Carvedilol ......................................................................................3,125 mg Excipientes: Lactosa monohidrato, Almidón de maíz, Croscaramelosa sódica, Povidona, Dióxido de silicio coloidal, Laca alumínica FD&C azul N°2, Estearato de magnesio ................................................................. c.s."
G00075203-03-CALCIMAX-CALCIMAX-FTE-Prospecto-web#0510,¿Cuál es la dosis máxima recomendada de calcio para pacientes con tratamiento prolongado?,No sobrepasar la dosis máxima recomendada y en caso de tratamiento prolongado se deberá controlar la calciuria y reducir o interrumpir la administración si la calciuria sobrepasa los 7.5 mmol/24 hs (300 mg/24hs).,2,"['Se recomienda no sobrepasar la dosis máxima recomendada.', 'En caso de tratamiento prolongado se deberá controlar la calciuria y reducir o interrumpir la administración si la calciuria sobrepasa los 7.5 mmol/24 hs (300 mg/24hs).']",Se recomienda no sobrepasar la dosis máxima recomendada. || En caso de tratamiento prolongado se deberá controlar la calciuria y reducir o interrumpir la administración si la calciuria sobrepasa los 7.5 mmol/24 hs (300 mg/24hs).
G00075301-12-web-calcimax#0525,¿Cuál es el medicamento indicado para la prevención y tratamiento de la osteoporosis?,CALCIMAX D3,1,"['CALCIMAX® D3 está indicado: • Para el tratamiento de estados carenciales de calcio y vitamina D. • Para la prevención y tratamiento de la osteoporosis, cuando el aporte a través de la dieta sea insuficiente. • Cuando existe alguna enfermedad que produce niveles bajos de calcio en sangre en forma prolongada con falta de vitamina D (Hipocalcemia crónica).']","CALCIMAX® D3 está indicado: • Para el tratamiento de estados carenciales de calcio y vitamina D. • Para la prevención y tratamiento de la osteoporosis, cuando el aporte a través de la dieta sea insuficiente. • Cuando existe alguna enfermedad que produce niveles bajos de calcio en sangre en forma prolongada con falta de vitamina D (Hipocalcemia crónica)."
G00075402-07-enemol-web#0540,¿Cuántos días seguidos se debe administrar ENEMOL®?,No más de seis días seguidos,2,"['No se recomienda el uso repetido y prolongado de ENEMOL® ya que puede producir habituación.', 'En ningún caso debe utilizarse más de seis días seguidos o si los síntomas empeoran o persisten.']",No se recomienda el uso repetido y prolongado de ENEMOL® ya que puede producir habituación. || En ningún caso debe utilizarse más de seis días seguidos o si los síntomas empeoran o persisten.
G00075902-04-gadoprild-web#0555,¿Qué es GADOPRIL D indicado para tratar?,La hipertensión arterial en pacientes para los cuales la terapia combinada es apropiada.,2,"['GADOPRIL® D está indicado para el tratamiento de la hipertensión arterial en pacientes para los cuales la terapia combinada es apropiada.', 'Un alto porcentaje de pacientes hipertensos responde en forma satisfactoria a GADOPRIL® D aún en algunos casos en los que no hayan respondido a alguno de los componentes por separado.']",GADOPRIL® D está indicado para el tratamiento de la hipertensión arterial en pacientes para los cuales la terapia combinada es apropiada. || Un alto porcentaje de pacientes hipertensos responde en forma satisfactoria a GADOPRIL® D aún en algunos casos en los que no hayan respondido a alguno de los componentes por separado.
G00075902-04-gadoprild-web#0570,¿Cuál es la DL50 oral de enalapril en ratas y ratones?,2000 mg/kg,1,['La DL50 oral de enalapril es de 2000 mg/kg en ratas y ratones.'],La DL50 oral de enalapril es de 2000 mg/kg en ratas y ratones.
G00076103-09_foxetin-web#0585,¿Cuántas semanas debe monitorear un paciente después de la administración de linezolid o azul de metileno intravenoso?,5 semanas o hasta 24 hs. después de la última dosis,2,"['El paciente debe ser monitoreado por la aparición de síntomas de síndrome serotoninérgico durante 5 semanas o hasta 24 hs. después de la última dosis de linezolid o azul de metileno intravenoso, lo que ocurra primero.', 'El tratamiento con FOXETIN® debe ser reinstaurado 24 hs. después de la última dosis de linezolid o azul de metileno intravenoso.']","El paciente debe ser monitoreado por la aparición de síntomas de síndrome serotoninérgico durante 5 semanas o hasta 24 hs. después de la última dosis de linezolid o azul de metileno intravenoso, lo que ocurra primero. || El tratamiento con FOXETIN® debe ser reinstaurado 24 hs. después de la última dosis de linezolid o azul de metileno intravenoso."
G00076103-09_foxetin-web#0600,¿Cuál es el efecto de la fluoxetina en los cachorros nacidos muertos?,Hubo un incremento de cachorros nacidos muertos.,4,"['No hubo evidencia de desarrollo de neurotoxicidad en las crías que sobrevivieron de ratas tratadas con 12 mg/kg/día durante la gestación.', 'No hubo efecto de dosis sobre la motarlidad de cachorros de ratas con dosis de 5 mg/ kg/día (0,6 veces la dosis máxima recomendada en humanos sobre una base de un mg/m2).', 'Se desconoce el efecto de fluoxetina sobre el trabajo de parto y el alumbramiento en los humanos.', 'Un lactante amamantado por una madre bajo tratamiento con fluoxetina presentó llanto, perturbación del sueño, vómitos y deposiciones acuosas.']","No hubo evidencia de desarrollo de neurotoxicidad en las crías que sobrevivieron de ratas tratadas con 12 mg/kg/día durante la gestación. || No hubo efecto de dosis sobre la motarlidad de cachorros de ratas con dosis de 5 mg/ kg/día (0,6 veces la dosis máxima recomendada en humanos sobre una base de un mg/m2). || Se desconoce el efecto de fluoxetina sobre el trabajo de parto y el alumbramiento en los humanos. || Un lactante amamantado por una madre bajo tratamiento con fluoxetina presentó llanto, perturbación del sueño, vómitos y deposiciones acuosas."
G00076301-16-Gammatet_T-web#0615,¿Cuál es la temperatura de conservación del medicamento GAMMATET-T?,Mantener entre 2oC y 8oC.,2,"['Mantener entre 2oC y 8oC.', 'No congelar.']",Mantener entre 2oC y 8oC. || No congelar.
G00076604-04-elafax-web#0630,"¿Cuál es el peso de Venlafaxina en cada cápsula con microgránulos de ELAFAX LP 37,5?",37.5 mg,3,"['Cada cápsula con microgránulos de ELAFAX® LP 37,5 contiene: Venlafaxina (como clorhidrato 42,43 mg) .................................. 37,5 mg', 'liberación prolongada de Cada cápsula con microgránulos de ELAFAX® LP 37,5 contiene: Venlafaxina (como clorhidrato 42,43 mg) .................................. 37,5 mg', 'Cada cápsula con microgránulos de ELAFAX LP 37,5 contiene: Venlafaxina (como clorhidrato 42,43 mg) .................................. 37,5 mg']","Cada cápsula con microgránulos de ELAFAX® LP 37,5 contiene: Venlafaxina (como clorhidrato 42,43 mg) .................................. 37,5 mg || liberación prolongada de Cada cápsula con microgránulos de ELAFAX® LP 37,5 contiene: Venlafaxina (como clorhidrato 42,43 mg) .................................. 37,5 mg || Cada cápsula con microgránulos de ELAFAX LP 37,5 contiene: Venlafaxina (como clorhidrato 42,43 mg) .................................. 37,5 mg"
G00076604-04-elafax-web#0645,¿Cuál es el peso de la Venlafaxina en cada cápsula?,75 mg,2,"['Venlafaxina (como clorhidrato 84,85 mg) .................................... 75 mg', 'liberación prolongada de Cada cápsula con microgránulos de ELAFAX® LP 150 contiene: Venlafaxina (como clorhidrato 169,7 mg) ...................................']","Venlafaxina (como clorhidrato 84,85 mg) .................................... 75 mg || liberación prolongada de Cada cápsula con microgránulos de ELAFAX® LP 150 contiene: Venlafaxina (como clorhidrato 169,7 mg) ..................................."
G00076604-04-elafax-web#0660,¿Cuál es el mecanismo de acción de la venlafaxina?,"La potenciación de la actividad de neurotransmisores a nivel del sistema nervioso central, específicamente como inhibidor selectivo de la recaptación neuronal de serotonina y norepinefrina e inhibidor débil de la recaptación de dopamina.",2,"['El mecanismo de acción de venlafaxina se ha adjudicado a la potenciación de la actividad de neurotransmisores a nivel del sistema nervioso central.', 'Tanto  venlafaxina  como  su  metabolito  activo,  O-desmetilvenlafaxina (ODV), son potentes inhibidores selectivos de la recaptación neuronal de serotonina y norepinefrina e inhibidor débil de la recaptación de dopamina.']","El mecanismo de acción de venlafaxina se ha adjudicado a la potenciación de la actividad de neurotransmisores a nivel del sistema nervioso central. || Tanto  venlafaxina  como  su  metabolito  activo,  O-desmetilvenlafaxina (ODV), son potentes inhibidores selectivos de la recaptación neuronal de serotonina y norepinefrina e inhibidor débil de la recaptación de dopamina."
G00076604-04-elafax-web#0675,¿Cuál es el efecto de la cimetidina en el clearance oral de venlafaxina?,Se observó una reducción del clearance oral de venlafaxina en un 43%.,1,"['En la administración concomitante de cimetidina con venlafaxina, se observó una reducción del clearance oral de venlafaxina en un 43% y aumento del área bajo la curva y Cmáx del 60% aproximadamente.']","En la administración concomitante de cimetidina con venlafaxina, se observó una reducción del clearance oral de venlafaxina en un 43% y aumento del área bajo la curva y Cmáx del 60% aproximadamente."
G00076604-04-elafax-web#0690,¿Cuánto clorhidrato de venlafaxina contiene cada cápsula?,42.43 mg de clorhidrato de venlafaxina,3,"['Cada cápsula con microgránulos de liberación prolongada de ELAFAX® LP 37,5 contiene: Venlafaxina (como clorhidrato 42,43 mg) ................................ 37,5 mg', 'Cada cápsula con microgránulos de liberación prolongada de ELAFAX® LP 37,5 contiene: Venlafaxina (como clorhidrato 42,43 mg) ................................ 37,5 mg', 'Cada cápsula con microgránulos de liberación prolongada de ELAFAX® LP 37,5 contiene: Venlafaxina (como clorhidrato 42,43 mg) ................................ 37,5 mg']","Cada cápsula con microgránulos de liberación prolongada de ELAFAX® LP 37,5 contiene: Venlafaxina (como clorhidrato 42,43 mg) ................................ 37,5 mg || Cada cápsula con microgránulos de liberación prolongada de ELAFAX® LP 37,5 contiene: Venlafaxina (como clorhidrato 42,43 mg) ................................ 37,5 mg || Cada cápsula con microgránulos de liberación prolongada de ELAFAX® LP 37,5 contiene: Venlafaxina (como clorhidrato 42,43 mg) ................................ 37,5 mg"
G00076604-04-elafax-web#0705,¿Cuál es el peso de la Venlafaxina en cada cápsula de ELAFAX LP 75?,75 mg,1,"['Cada cápsula con microgránulos de liberación prolongada de ELAFAX® LP 75 contiene: Venlafaxina (como clorhidrato 84,85 mg) .................................. 75 mg']","Cada cápsula con microgránulos de liberación prolongada de ELAFAX® LP 75 contiene: Venlafaxina (como clorhidrato 84,85 mg) .................................. 75 mg"
G00076604-04-elafax-web#0720,¿Puedo tomar ELAFAX LP con otros medicamentos?,No se proporciona información sobre la compatibilidad de ELAFAX LP con otros medicamentos.,8,"['Coméntele a su médico sobre todos los medicamentos que esté tomando  o  haya  tomado  recientemente,  incluidos  medicamentos  de venta  bajo  receta,  de  venta  libre,  suplementos  a  base  de  hierbas  y vitaminas.', 'Inhibidores de la monoaminooxidasa usados para tratar la depresión o la enfermedad de Parkinson no se deben tomar con Venlafaxina de liberación  prolongada.', 'Dígale  a  su  médico  si  ha  tomado  alguno  de estos medicamentos en los últimos 14 días.', 'Para evitar el sindrome serotoninérgico, cuando se combinan ciertas medicaciones, coméntele a su medico si se encuentra tomando:', 'Tomar un IMAO irreversible junto con venlafaxina de liberación prolongada, puede producir efectos adversos graves o incluso potencialmente mortales.', 'Además, debe esperar al menos 7 días una vez que deje de tomar ELAFAX® LP antes de tomar cualquier IMAO (ver ¿Puedo tomar ELAFAX® LP con otros medicamentos?).', 'Informe a su médico si está tomando medicamentos que puedan alterar el ritmo del corazón.', 'Si utiliza otros medicamentos que tomados junto con venlafaxina podrían aumentar el riesgo de desarrollar síndrome serotoninérgico (ver ¿Puedo tomar ELAFAX® LP con otros medicamentos?).']","Coméntele a su médico sobre todos los medicamentos que esté tomando  o  haya  tomado  recientemente,  incluidos  medicamentos  de venta  bajo  receta,  de  venta  libre,  suplementos  a  base  de  hierbas  y vitaminas. || Inhibidores de la monoaminooxidasa usados para tratar la depresión o la enfermedad de Parkinson no se deben tomar con Venlafaxina de liberación  prolongada. || Dígale  a  su  médico  si  ha  tomado  alguno  de estos medicamentos en los últimos 14 días. || Para evitar el sindrome serotoninérgico, cuando se combinan ciertas medicaciones, coméntele a su medico si se encuentra tomando: || Tomar un IMAO irreversible junto con venlafaxina de liberación prolongada, puede producir efectos adversos graves o incluso potencialmente mortales. || Además, debe esperar al menos 7 días una vez que deje de tomar ELAFAX® LP antes de tomar cualquier IMAO (ver ¿Puedo tomar ELAFAX® LP con otros medicamentos?). || Informe a su médico si está tomando medicamentos que puedan alterar el ritmo del corazón. || Si utiliza otros medicamentos que tomados junto con venlafaxina podrían aumentar el riesgo de desarrollar síndrome serotoninérgico (ver ¿Puedo tomar ELAFAX® LP con otros medicamentos?)."
G00076702-09-elafax-web#0735,¿Cuál es la recomendación para reducir la dosis de venlafaxina en pacientes sometidos a hemodiálisis?,La dosis diaria total se reduzca en un 50% y que la misma no sea administrada hasta que se termine la sesión (4 horas).,1,"['En los pacientes sometidos a hemodiálisis, es recomendable que la dosis diaria total se reduzca en un 50% y que la misma no sea administrada hasta que se termine la sesión (4 horas).']","En los pacientes sometidos a hemodiálisis, es recomendable que la dosis diaria total se reduzca en un 50% y que la misma no sea administrada hasta que se termine la sesión (4 horas)."
G00076702-09-elafax-web#0750,¿Cuál es el efecto adverso más comúnmente observado en pacientes tratados con venlafaxina?,Astenia,5,"['Los neonatos expuestos a venlafaxina, otros IRNSs (inhibidores de la recaptación de norepinefrina y serotonina), o ISRSs (inhibidores selectivos de la recaptación de serotonina) durante el tercer trimestre, han tenido complicaciones que requirieron hospitalizaciones prolongadas, apoyo  respiratorio  y  alimentación  por  sonda.', 'Los efectos adversos más comúnmente observados asociados con el uso de venlafaxina (incidencia del 5% o mayor) y no observados con una  incidencia  equivalente  entre  los  pacientes  tratados  con  placebo fueron: astenia, aumento de la sudoración, náuseas, constipación, anorexia, vómitos, somnolencia, sequedad bucal, vértigo, nerviosismo, ansiedad, temblor y visión borrosa, eyaculación u orgasmos anormales e impotencia en los hombres.', 'Entre los pacientes tratados con venlafaxina a dosis entre 75 y 375 mg/ día que participaron en ensayos a corto plazo (4 a 8 semanas), las frecuencias de efectos adversos manifestados en algún momento durante el tratamiento fueron:', 'Los pacientes tratados con venlafaxina tuvieron aumentos promedio en relación a los valores basales de 3 mg/dL, cambio éste de significación clínica desconocida.', 'El incremento del colesterol sérico clínicamente relevante, fue registrado en el 5,3% de los pacientes tratados con venlafaxina y 0% de los pacientes tratados con placebo.']","Los neonatos expuestos a venlafaxina, otros IRNSs (inhibidores de la recaptación de norepinefrina y serotonina), o ISRSs (inhibidores selectivos de la recaptación de serotonina) durante el tercer trimestre, han tenido complicaciones que requirieron hospitalizaciones prolongadas, apoyo  respiratorio  y  alimentación  por  sonda. || Los efectos adversos más comúnmente observados asociados con el uso de venlafaxina (incidencia del 5% o mayor) y no observados con una  incidencia  equivalente  entre  los  pacientes  tratados  con  placebo fueron: astenia, aumento de la sudoración, náuseas, constipación, anorexia, vómitos, somnolencia, sequedad bucal, vértigo, nerviosismo, ansiedad, temblor y visión borrosa, eyaculación u orgasmos anormales e impotencia en los hombres. || Entre los pacientes tratados con venlafaxina a dosis entre 75 y 375 mg/ día que participaron en ensayos a corto plazo (4 a 8 semanas), las frecuencias de efectos adversos manifestados en algún momento durante el tratamiento fueron: || Los pacientes tratados con venlafaxina tuvieron aumentos promedio en relación a los valores basales de 3 mg/dL, cambio éste de significación clínica desconocida. || El incremento del colesterol sérico clínicamente relevante, fue registrado en el 5,3% de los pacientes tratados con venlafaxina y 0% de los pacientes tratados con placebo."
G00076702-09-elafax-web#0765,¿Cuál es el síntoma más común que puede ocurrir cuando se deja de tomar ELAFAX® repentinamente?,somnolencia,1,"['Los síntomas más comunes ante la interrupción o la reducción de la dosis son: somnolencia, astenia (sensación de cansancio) vértigo (sensación que las cosas dan vuelta), cefaleas, insomnio, sequedad de boca, náuseas, nerviosismo, ansiedad, sudoración, eyaculación anormal. Su médico le aconsejará sobre cómo debe interrumpir gradualmente el tratamiento con ELAFAX®.']","Los síntomas más comunes ante la interrupción o la reducción de la dosis son: somnolencia, astenia (sensación de cansancio) vértigo (sensación que las cosas dan vuelta), cefaleas, insomnio, sequedad de boca, náuseas, nerviosismo, ansiedad, sudoración, eyaculación anormal. Su médico le aconsejará sobre cómo debe interrumpir gradualmente el tratamiento con ELAFAX®."
G00076803-05-elafax-web#0780,¿Cuál es el riesgo potencial de usar Venlafaxina en pacientes con Trastorno Depresivo Mayor?,El beneficio clínico debe justificar el riesgo potencial al usar Venlafaxina en pacientes con Trastorno Depresivo Mayor.,7,"['El uso de antidepresivos con indicación aprobada por ensayos clínicos controlados  en  adultos  con  Trastorno  Depresivo  Mayor  (TDM)  y  otras condiciones psiquiátricas deberá establecerse en un marco terapéutico adecuado a cada paciente en particular.', 'Aunque la causalidad ante la aparición de estos síntomas y el empeoramiento de la depresión y/o la aparición de impulsos suicidas no ha sido establecida, existe la inquietud de que dichos síntomas puedan ser precursores de ideación suicida emergente.', 'Se desconoce si el riesgo de pensamientos y conductas suicidas en niños, adolescentes y adultos jóvenes se extiende al uso a largo plazo, es decir, más de cuatro meses.', 'Sin embargo, existe una sustancial evidencia de ensayos de mantenimiento controlados con placebo en adultos con TDM de que los antidepresivos retrasan la recurrencia de la depresión y que la depresión en sí misma es un factor de riesgo para pensamientos suicidas y comportamientos.', 'Si se toma la decisión de discontinuar el tratamiento la medicación debe ser reducida lo más rápidamente posible, pero teniendo en cuenta el esquema indicado para cada principio activo dado que en algunos casos la discontinuación abrupta puede asociarse con ciertos síntomas de retirada.', 'Análisis combinados de fármacos antidepresivos (ISRSs y otros) a corto plazo, controlados con placebo, mostraron que estos fármacos aumentan el riesgo de pensamiento y comportamiento suicida (suicidalidad) en niños, adolescentes y adultos jóvenes (18-24 años) con TDM y otros trastornos psiquiátricos.', 'Los estudios a corto plazo no mostraron un incremento del riesgo de suicidalidad con antidepresivos, comparado con placebo en adultos mayores de 24 años; ha habido una reducción con antidepresivos comparado con placebo en adultos ≥ 65 años.']","El uso de antidepresivos con indicación aprobada por ensayos clínicos controlados  en  adultos  con  Trastorno  Depresivo  Mayor  (TDM)  y  otras condiciones psiquiátricas deberá establecerse en un marco terapéutico adecuado a cada paciente en particular. || Aunque la causalidad ante la aparición de estos síntomas y el empeoramiento de la depresión y/o la aparición de impulsos suicidas no ha sido establecida, existe la inquietud de que dichos síntomas puedan ser precursores de ideación suicida emergente. || Se desconoce si el riesgo de pensamientos y conductas suicidas en niños, adolescentes y adultos jóvenes se extiende al uso a largo plazo, es decir, más de cuatro meses. || Sin embargo, existe una sustancial evidencia de ensayos de mantenimiento controlados con placebo en adultos con TDM de que los antidepresivos retrasan la recurrencia de la depresión y que la depresión en sí misma es un factor de riesgo para pensamientos suicidas y comportamientos. || Si se toma la decisión de discontinuar el tratamiento la medicación debe ser reducida lo más rápidamente posible, pero teniendo en cuenta el esquema indicado para cada principio activo dado que en algunos casos la discontinuación abrupta puede asociarse con ciertos síntomas de retirada. || Análisis combinados de fármacos antidepresivos (ISRSs y otros) a corto plazo, controlados con placebo, mostraron que estos fármacos aumentan el riesgo de pensamiento y comportamiento suicida (suicidalidad) en niños, adolescentes y adultos jóvenes (18-24 años) con TDM y otros trastornos psiquiátricos. || Los estudios a corto plazo no mostraron un incremento del riesgo de suicidalidad con antidepresivos, comparado con placebo en adultos mayores de 24 años; ha habido una reducción con antidepresivos comparado con placebo en adultos ≥ 65 años."
G00076803-05-elafax-web#0795,¿Cuál es la frecuencia de náuseas como reacción adversa en pacientes que toman este medicamento?,30%,3,"['Las reacciones adversas más comunes son náuseas (30%), somnolencia (15,3%), boca seca (14,8%), sudoración (11,4%), eyaculación anormal (9,9%), anorexia (9,8%), constipación (9,3%), impotencia (5,3%) y disminución de la libido (5,1%).', 'El 12% de los pacientes que recibieron venlafaxina de liberación controlada en estudios clínicos a corto plazo, en las cuatro indicaciones, discontinuó el tratamiento por eventos adversos comparado al 4% que estaba tratado con placebo. Las reacciones adversas más comunes fueron: astenia, cefalea, náuseas, mareos, insomnio, somnolencia y sudoración.', 'Generales: Frecuente: astenia. Digestivos:. Frecuentes: Nauseas, boca seca.']","Las reacciones adversas más comunes son náuseas (30%), somnolencia (15,3%), boca seca (14,8%), sudoración (11,4%), eyaculación anormal (9,9%), anorexia (9,8%), constipación (9,3%), impotencia (5,3%) y disminución de la libido (5,1%). || El 12% de los pacientes que recibieron venlafaxina de liberación controlada en estudios clínicos a corto plazo, en las cuatro indicaciones, discontinuó el tratamiento por eventos adversos comparado al 4% que estaba tratado con placebo. Las reacciones adversas más comunes fueron: astenia, cefalea, náuseas, mareos, insomnio, somnolencia y sudoración. || Generales: Frecuente: astenia. Digestivos:. Frecuentes: Nauseas, boca seca."
G00077101-11-INSOMNIUM#0810,¿Cuántas horas debe descansar después de tomar INSOMNIUM®?,7 - 8 horas,2,"['Se recomienda descansar durante 7 - 8 horas después de la toma de INSOMNIUM®.', 'es conveniente que se asegure que podrá descansar sin ser despertado durante 7 - 8 horas.']",Se recomienda descansar durante 7 - 8 horas después de la toma de INSOMNIUM®. || es conveniente que se asegure que podrá descansar sin ser despertado durante 7 - 8 horas.
G00077101-11-INSOMNIUM#0825,¿Cuál es el efecto común de la administración prolongada de zopiclona?,La reaparición de los síntomas que provocaron la indicación del medicamento.,2,"['El efecto terapéutico de las benzodiazepinas y drogas relacionadas puede disminuir con el uso repetido por varias semanas.', 'Aún cuando no se ha reportado todavía con zopiclona, debe tenerse en cuenta el fenómeno de tolerancia,']","El efecto terapéutico de las benzodiazepinas y drogas relacionadas puede disminuir con el uso repetido por varias semanas. || Aún cuando no se ha reportado todavía con zopiclona, debe tenerse en cuenta el fenómeno de tolerancia,"
G00077101-11-INSOMNIUM#0840,¿Cuál es el medicamento que debe ser usado exclusivamente bajo prescripción y vigilancia médica?,INSOMNIUM®,1,['Este medicamento debe ser usado exclusivamente bajo prescripción y vigilancia médica y no puede repetirse sin nueva receta médica.'],Este medicamento debe ser usado exclusivamente bajo prescripción y vigilancia médica y no puede repetirse sin nueva receta médica.
G00077101-11-INSOMNIUM#0870,¿Cuál es el tratamiento recomendado para inducir el vómito en caso de sobredosis de zopiclona?,Inducir el vómito antes de una hora si el paciente conserva la consciencia o realizar un lavado gástrico con conservación de la vía aérea si está inconsciente.,2,"['Si el paciente conserva la consciencia, debe inducirse el vómito (antes de una hora) o realizarse un lavado gástrico con conservación de la vía aérea si está inconsciente.', 'Si el vaciado gástrico no aporta ninguna ventaja, debe administrarse carbón activado para reducir la absorción.']","Si el paciente conserva la consciencia, debe inducirse el vómito (antes de una hora) o realizarse un lavado gástrico con conservación de la vía aérea si está inconsciente. || Si el vaciado gástrico no aporta ninguna ventaja, debe administrarse carbón activado para reducir la absorción."
G00077503-02-ProspectoWebMarvil70#0885,¿Cuál es la dosis recomendada de MARVIL® 70?,"1 comprimido, una vez a la semana",3,"['La dosis recomendada de MARVIL® 70, es de 1 comprimido, una vez a la semana.', 'MARVIL® 70 debe tomarse por lo menos media hora antes de la ingestión de la primer comida, bebida o medicamento del día, acompañado de un vaso con agua corriente potable, solamente', 'Los pacientes deben recibir calcio y vitamina D suplementarios, si su ingesta dietaria es inadecuada']","La dosis recomendada de MARVIL® 70, es de 1 comprimido, una vez a la semana. || MARVIL® 70 debe tomarse por lo menos media hora antes de la ingestión de la primer comida, bebida o medicamento del día, acompañado de un vaso con agua corriente potable, solamente || Los pacientes deben recibir calcio y vitamina D suplementarios, si su ingesta dietaria es inadecuada"
G00078104-18-novacef-web#0900,¿Qué tipo de medicamento es NOVACEF?,Cefalexina,2,"['NOVACEF® CEFIXIMA 400 mg', 'Cada comprimido recubierto contiene: Cefixima..................................................................................400,00 mg']","NOVACEF® CEFIXIMA 400 mg || Cada comprimido recubierto contiene: Cefixima..................................................................................400,00 mg"
G00078104-18-novacef-web#0915,¿Cuál es el tratamiento recomendado para la sobredosificación de NOVACEF?,"El tratamiento recomendado incluye vómito provocado o lavado gástrico, carbón activado y purgante salino (45 a 60 min. luego del carbón activado), según la evaluación clínica del paciente.",5,"['No existen antídotos específicos para la cefixima.', 'Las reacciones adversas vistas en niveles superiores a 2 gramos de cefixima, no difieren del perfil visto en pacientes tratados a las dosis habituales.', 'Luego de una cuidadosa evaluación clínica del paciente, de la valoración del tiempo transcurrido desde la ingesta, de la cantidad de droga ingerida y descartando la contraindicación de ciertos procedimientos, el profesional decidirá la realización o no del tratamiento general de rescate: vómito provocado o lavado gástrico, carbón activado, purgante salino (45 a 60 min. luego del carbón activado) o aquellos procedimientos terapéuticos que considere necesarios.', 'No se remueven cantidades significativas de cefixima por hemodiálisis ni por diálisis peritoneal.', 'Ante la eventualidad de una sobredosificación, concurrir al Hospital más cercano o comunicarse con los centros de Toxicología: HOSPITAL DE PEDIATRÍA RICARDO GUTIÉRREZ - BUENOS AIRES: (011) 4962-6666/2247. HOSPITAL NAC. ALEJANDRO POSADAS - HAEDO (PCIA. DE BS AS): (011) 4654-6648/4658-7777. Optativamente otros Centros de Intoxicaciones.']","No existen antídotos específicos para la cefixima. || Las reacciones adversas vistas en niveles superiores a 2 gramos de cefixima, no difieren del perfil visto en pacientes tratados a las dosis habituales. || Luego de una cuidadosa evaluación clínica del paciente, de la valoración del tiempo transcurrido desde la ingesta, de la cantidad de droga ingerida y descartando la contraindicación de ciertos procedimientos, el profesional decidirá la realización o no del tratamiento general de rescate: vómito provocado o lavado gástrico, carbón activado, purgante salino (45 a 60 min. luego del carbón activado) o aquellos procedimientos terapéuticos que considere necesarios. || No se remueven cantidades significativas de cefixima por hemodiálisis ni por diálisis peritoneal. || Ante la eventualidad de una sobredosificación, concurrir al Hospital más cercano o comunicarse con los centros de Toxicología: HOSPITAL DE PEDIATRÍA RICARDO GUTIÉRREZ - BUENOS AIRES: (011) 4962-6666/2247. HOSPITAL NAC. ALEJANDRO POSADAS - HAEDO (PCIA. DE BS AS): (011) 4654-6648/4658-7777. Optativamente otros Centros de Intoxicaciones."
G00078202-09-Lercadip_web#0930,¿Cuál es la cantidad de lactosa monohidrato en cada comprimido recubierto de LERCADIP?,"30,000 mg",2,"['Cada comprimido recubierto de LERCADIP® 10 contiene: Lercanidipina clorhidrato (como Lercanidipina 9,4 mg) ................ 10 mg Excipientes: Lactosa monohidrato ............................................................ 30,000 mg', 'Cada comprimido recubierto de LERCADIP® 10 contiene: Lercanidipina clorhidrato (como Lercanidipina 9,4 mg) ................ 10 mg Excipientes: Lactosa monohidrato ............................................................ 30,000 mg']","Cada comprimido recubierto de LERCADIP® 10 contiene: Lercanidipina clorhidrato (como Lercanidipina 9,4 mg) ................ 10 mg Excipientes: Lactosa monohidrato ............................................................ 30,000 mg || Cada comprimido recubierto de LERCADIP® 10 contiene: Lercanidipina clorhidrato (como Lercanidipina 9,4 mg) ................ 10 mg Excipientes: Lactosa monohidrato ............................................................ 30,000 mg"
G00078202-09-Lercadip_web#0945,¿Cuánto talco contiene cada comprimido recubierto de LERCADIP?,0.150 mg,3,"['Talco ......................................................................................... 0,150 mg', 'Talco ........................................................................................ 0,300 mg', 'Talco ........................................................................................ 0,300 mg']","Talco ......................................................................................... 0,150 mg || Talco ........................................................................................ 0,300 mg || Talco ........................................................................................ 0,300 mg"
G00078202-09-Lercadip_web#0960,¿Cuál es el tratamiento recomendado para los casos de hipotensión clínicamente significativa en sobredosis de lercanidipina?,"Los casos de hipotensión clínicamente significativa requieren apoyo cardiovascular activo, como supervisión frecuente de la función respiratoria y cardiaca, elevación de las extremidades y atención al volumen de líquidos en circulación y volumen de orina.",3,"['Los casos de hipotensión clínicamente significativa requieren apoyo cardiovascular activo, como supervisión frecuente de la función respiratoria y cardiaca, elevación de las extremidades y atención al volumen de líquidos en circulación y volumen de orina.', 'En vista del efecto farmacológico prolongado de lercanidipina, es esencial que el estado cardiovascular del paciente se supervise durante al menos 24 horas.', 'Debido a los elevados niveles de fijación de proteínas del fármaco, la diálisis podría no resultar efectiva.']","Los casos de hipotensión clínicamente significativa requieren apoyo cardiovascular activo, como supervisión frecuente de la función respiratoria y cardiaca, elevación de las extremidades y atención al volumen de líquidos en circulación y volumen de orina. || En vista del efecto farmacológico prolongado de lercanidipina, es esencial que el estado cardiovascular del paciente se supervise durante al menos 24 horas. || Debido a los elevados niveles de fijación de proteínas del fármaco, la diálisis podría no resultar efectiva."
G00078202-09-Lercadip_web#0975,¿Cuánto dióxido de titanio contiene cada comprimido recubierto de LERCADIP?,"1,200 mg",6,"['Cada comprimido recubierto de LERCADIP® 20 contiene: Lercanidipina clorhidrato (como Lercanidipina 18,8 mg) .......... 20 mg', 'Dióxido de titanio ................................................. ................ 0,600 mg', 'Talco ...................................................................................... 0,150 mg Polietilenglicol 6000 ........................................... ................ 0,300 mg Oxido férrico ........................................................................ . 0,037 mg Cada comprimido recubierto de LERCADIP® 20 contiene: Lercanidipina clorhidrato (como Lercanidipina 18,8 mg) .......... 20 mg', 'Dióxido de titanio ................................................................. 1,200 mg', 'Macrogol 6000 .................................................................... 0,600 mg Oxido de hierro .................................................. ................... 0,075 mg Cada comprimido recubierto de LERCADIP® 20 contiene: Lercanidipina clorhidrato (como Lercanidipina 18,8 mg) .......... 20 mg', 'Dióxido de titanio ................................................................. 1,200 mg Macrogol 6000 .................................................................... 0,600 mg Oxido de hierro .................................................. ................... 0,075 mg']","Cada comprimido recubierto de LERCADIP® 20 contiene: Lercanidipina clorhidrato (como Lercanidipina 18,8 mg) .......... 20 mg || Dióxido de titanio ................................................. ................ 0,600 mg || Talco ...................................................................................... 0,150 mg Polietilenglicol 6000 ........................................... ................ 0,300 mg Oxido férrico ........................................................................ . 0,037 mg Cada comprimido recubierto de LERCADIP® 20 contiene: Lercanidipina clorhidrato (como Lercanidipina 18,8 mg) .......... 20 mg || Dióxido de titanio ................................................................. 1,200 mg || Macrogol 6000 .................................................................... 0,600 mg Oxido de hierro .................................................. ................... 0,075 mg Cada comprimido recubierto de LERCADIP® 20 contiene: Lercanidipina clorhidrato (como Lercanidipina 18,8 mg) .......... 20 mg || Dióxido de titanio ................................................................. 1,200 mg Macrogol 6000 .................................................................... 0,600 mg Oxido de hierro .................................................. ................... 0,075 mg"
G00078605-05-PAXON_web#0990,¿Cuál fue la reducción del riesgo de accidente cerebrovascular en pacientes tratados con losartán comparado con atenolol?,Un 25% en relación a atenolol.,2,"['El tratamiento con losartán produjo una reducción del riesgo del 13,0% (p=0,021, IC del 95% 0,77-0,98), comparado con atenolol en los pacientes que alcanzaban el objetivo principal combinado. Esto se atribuye principalmente a una reducción en la incidencia de accidente cerebrovascular.', 'El tratamiento con losartán redujo el riesgo de accidente cerebrovascular en un 25% en relación a atenolol (p=0,001, IC del 95% 0,63- 0,89).']","El tratamiento con losartán produjo una reducción del riesgo del 13,0% (p=0,021, IC del 95% 0,77-0,98), comparado con atenolol en los pacientes que alcanzaban el objetivo principal combinado. Esto se atribuye principalmente a una reducción en la incidencia de accidente cerebrovascular. || El tratamiento con losartán redujo el riesgo de accidente cerebrovascular en un 25% en relación a atenolol (p=0,001, IC del 95% 0,63- 0,89)."
G00078605-05-PAXON_web#1005,¿Quién debe evitar tomar PAXON® si está embarazada de más de 3 meses?,No debe tomar PAXON® si está embarazada de más de 3 meses.,1,"['No tome PAXON®: • Si está embarazada de más de 3 meses (también es mejor evitar PAXON® al principio del embarazo, ver Embarazo y lactancia).']","No tome PAXON®: • Si está embarazada de más de 3 meses (también es mejor evitar PAXON® al principio del embarazo, ver Embarazo y lactancia)."
G00078705-13-paxon-d-web#1020,¿Cuál es el contenido de los excipientes en cada comprimido recubierto de PAXON?,"Almidón de maíz: 12 mg, Dióxido de silicio coloidal: 1.2 mg, Coprocesado de celulosa-lactosa: 10.22 mg, Celulosa microcristalina: 64 mg, Croscarmelosa sódica: 6.4 mg, Estearato de magnésio vegetal: 3.2 mg, Óxido de hierro amarillo: 0.532 mg, Opadry II 85F28751 blanco: 2.873 mg, Opaglos GS 2-0700: 0.075 mg",3,"['Cada comprimido recubierto de PAXON® D contiene: Losartán potásico ............................................................................... 50 mg Hidroclorotiazida ............................................................................ 12,5 mg Excipientes: Almidón de maíz .................................................................................12 mg Dióxido de silicio coloidal .................................................................1,2 mg Coprocesado de celulosa-lactosa ...............................................10,22 mg Celulosa microcristalina.................................................................... 64 mg Croscarmelosa sódica ....................................................................... 6,4 mg Estearato de magnésio vegetal ....................................................... 3,2 mg Óxido de hierro amarillo ..............................................................0,532 mg Opadry II 85F28751 blanco1) .......................................................2,873 mg Opaglos GS 2-07002) ...................................................................0,075 mg 1) Compuesto por: Alcohol polivinílico, Dióxido de titanio, Polietilenglicol y Talco.', 'Cada comprimido recubierto de PAXON® D contiene: Losartán Potásico .............................................................................100 mg Hidroclorotiazida ............................................................................ 12,5 mg Excipientes: Almidón de maíz .................................................................................24 mg Dióxido de silicio coloidal ...............................................................64 mg Croscarmelosa sódica ....................................................................... 6,4 mg Estearato de magnésio vegetal ....................................................... 3,2 mg Óxido de hierro amarillo ..............................................................0,532 mg Opadry II 85F28751 blanco1) .......................................................2,873 mg Opaglos GS 2-07002) ...................................................................0,075 mg 1) Compuesto por: Alcohol polivinílico, Dióxido de titanio, Polietilenglicol y Talco.', 'Cada comprimido recubierto de PAXON® D contiene: Losartán Potásico .............................................................................100 mg Hidroclorotiazida ............................................................................ 12,5 mg Excipientes: Almidón de maíz .................................................................................24 mg Dióxido de silicio coloidal ................................................................ 2,6 mg Coprocesado de celulosa-lactosa .................................................']","Cada comprimido recubierto de PAXON® D contiene: Losartán potásico ............................................................................... 50 mg Hidroclorotiazida ............................................................................ 12,5 mg Excipientes: Almidón de maíz .................................................................................12 mg Dióxido de silicio coloidal .................................................................1,2 mg Coprocesado de celulosa-lactosa ...............................................10,22 mg Celulosa microcristalina.................................................................... 64 mg Croscarmelosa sódica ....................................................................... 6,4 mg Estearato de magnésio vegetal ....................................................... 3,2 mg Óxido de hierro amarillo ..............................................................0,532 mg Opadry II 85F28751 blanco1) .......................................................2,873 mg Opaglos GS 2-07002) ...................................................................0,075 mg 1) Compuesto por: Alcohol polivinílico, Dióxido de titanio, Polietilenglicol y Talco. || Cada comprimido recubierto de PAXON® D contiene: Losartán Potásico .............................................................................100 mg Hidroclorotiazida ............................................................................ 12,5 mg Excipientes: Almidón de maíz .................................................................................24 mg Dióxido de silicio coloidal ...............................................................64 mg Croscarmelosa sódica ....................................................................... 6,4 mg Estearato de magnésio vegetal ....................................................... 3,2 mg Óxido de hierro amarillo ..............................................................0,532 mg Opadry II 85F28751 blanco1) .......................................................2,873 mg Opaglos GS 2-07002) ...................................................................0,075 mg 1) Compuesto por: Alcohol polivinílico, Dióxido de titanio, Polietilenglicol y Talco. || Cada comprimido recubierto de PAXON® D contiene: Losartán Potásico .............................................................................100 mg Hidroclorotiazida ............................................................................ 12,5 mg Excipientes: Almidón de maíz .................................................................................24 mg Dióxido de silicio coloidal ................................................................ 2,6 mg Coprocesado de celulosa-lactosa ................................................."
G00078705-13-paxon-d-web#1035,¿Cuál es el efecto de la hidroclorotiazida en el potasio sérico?,Desciende el potasio sérico.,2,"['La acción diurética de hidroclorotiazida reduce el volumen plasmático, aumenta la actividad de la renina plasmática y aumenta la excreción de aldosterona, con los consiguientes aumentos del potasio en orina y pérdida de bicarbonato y descensos en el potasio sérico.', 'La relación renina-aldosterona está mediada por la angiotensina II y, por tanto, la coadministración de un antagonista de la angiotensina II tiende a revertir la pérdida de potasio asociada a los diuréticos tiazídicos.']","La acción diurética de hidroclorotiazida reduce el volumen plasmático, aumenta la actividad de la renina plasmática y aumenta la excreción de aldosterona, con los consiguientes aumentos del potasio en orina y pérdida de bicarbonato y descensos en el potasio sérico. || La relación renina-aldosterona está mediada por la angiotensina II y, por tanto, la coadministración de un antagonista de la angiotensina II tiende a revertir la pérdida de potasio asociada a los diuréticos tiazídicos."
G00078705-13-paxon-d-web#1050,¿Cuál es el riesgo de reducción del volumen plasmático y de hipoperfusión placentaria con hidroclorotiazida en mujeres embarazadas?,Reducción del volumen plasmático y de hipoperfusión placentaria,2,"['No se debe utilizar hidroclorotiazida para el edema gestacional, hipertensión gestacional o preeclampsia, debido al riesgo de reducción del volumen plasmático y de hipoperfusión placentaria, sin efecto beneficioso en el curso de la enfermedad.', 'Hidroclorotiazida no se debe utilizar en mujeres embarazadas con hipertensión esencial excepto en raras situaciones en las que no se pueda utilizar otro tratamiento.']","No se debe utilizar hidroclorotiazida para el edema gestacional, hipertensión gestacional o preeclampsia, debido al riesgo de reducción del volumen plasmático y de hipoperfusión placentaria, sin efecto beneficioso en el curso de la enfermedad. || Hidroclorotiazida no se debe utilizar en mujeres embarazadas con hipertensión esencial excepto en raras situaciones en las que no se pueda utilizar otro tratamiento."
G00078705-13-paxon-d-web#1065,¿Cuál es el contenido del compuesto Opaglos GS 2-07002)?,"Alcohol polivinílico, Dióxido de titanio, Polietilenglicol y Talco",3,"['Compuesto por: Etanol/Metanol, Goma laca, Cera carnauba y Cera blanca.', 'Opaglos GS 2-07002) ................................................................ 0,075 mg', 'Opaglos GS 2-07002) ................................................................ 0,278 mg']","Compuesto por: Etanol/Metanol, Goma laca, Cera carnauba y Cera blanca. || Opaglos GS 2-07002) ................................................................ 0,075 mg || Opaglos GS 2-07002) ................................................................ 0,278 mg"
G00078705-13-paxon-d-web#1080,¿Cuál es la dosis máxima diaria de PAXON®D?,"2 comprimidos recubiertos con película de 50 mg de losartán/12,5 mg de hidroclorotiazida o 1 comprimido recubierto con película de 100 mg de losartán/25 mg de hidroclorotiazida al día.",1,"['La dosis máxima diaria es 2 comprimidos recubiertos con película de 50 mg de losartán/12,5 mg de hidroclorotiazida al día o 1 comprimido recubierto con película de 100 mg de losartán/25 mg de hidroclorotiazida al día.']","La dosis máxima diaria es 2 comprimidos recubiertos con película de 50 mg de losartán/12,5 mg de hidroclorotiazida al día o 1 comprimido recubierto con película de 100 mg de losartán/25 mg de hidroclorotiazida al día."
G00078803-02-prograf-web#1095,¿Cuál es la concentración sanguínea recomendada de tacrolimus para pacientes con trasplante hepático?,Las concentraciones sanguíneas valle de tacrolimus suelen oscilar entre 5 y 20 ng/mL en los pacientes con trasplante hepático.,2,"['En la práctica clínica, durante el postoperatorio temprano las concentraciones sanguíneas valle suelen oscilar entre 5 y 20 ng/mL en los pacientes con trasplante hepático', 'A lo largo del tratamiento de mantenimiento posterior, las concentraciones sanguíneas suelen oscilar entre 5 y 15 ng/mL en los receptores de trasplante hepático']","En la práctica clínica, durante el postoperatorio temprano las concentraciones sanguíneas valle suelen oscilar entre 5 y 20 ng/mL en los pacientes con trasplante hepático || A lo largo del tratamiento de mantenimiento posterior, las concentraciones sanguíneas suelen oscilar entre 5 y 15 ng/mL en los receptores de trasplante hepático"
G00078803-02-prograf-web#1110,¿Qué efecto puede tener el tacrolimus en la respuesta de las mujeres embarazadas a las vacunas?,La vacunación podría ser menos eficaz durante el tratamiento con tacrolimus.,2,"['Los inmunosupresores pueden afectar la respuesta a las vacunas.', 'Durante el tratamiento con tacrolimus, la vacunación podría ser menos eficaz. Se debe evitar el uso de vacunas de organismos vivos atenuados.']","Los inmunosupresores pueden afectar la respuesta a las vacunas. || Durante el tratamiento con tacrolimus, la vacunación podría ser menos eficaz. Se debe evitar el uso de vacunas de organismos vivos atenuados."
G00078803-02-prograf-web#1125,¿Cuál es un efecto secundario grave poco frecuente de la medicación?,Microangiopatía trombótica,4,"['• Microangiopatía trombótica (lesiones en los vasos sanguíneos más pequeños), incluido síndrome urémico hemolítico, una afección que presenta los siguientes síntomas: producción de orina escasa o nula (falla renal aguda), cansancio extremo, coloración amarillenta de la piel o los ojos (ictericia) y presencia de moretones o sangrado anormales y signos de infección.', '• Púrpura trombocitopénica trombótica: una afección que se caracteriza por lesiones en los vasos sanguíneos más pequeños y la presencia de fiebre y formación de moretones debajo de la piel que pueden tener el aspecto de puntos rojos, con o sin cansancio extremo sin razón aparente, confusión, color amarillento de la piel o los ojos (ictericia), con síntomas de falla renal aguda (producción de orina baja o nula), pérdida de la visión y convulsiones.', '• Necrólisis epidérmica tóxica: erosión y formación de ampollas en la piel o las membranas mucosas, piel enrojecida e inflamada que se puede desprender en superficies extensas del cuerpo.', '• Ceguera.']","• Microangiopatía trombótica (lesiones en los vasos sanguíneos más pequeños), incluido síndrome urémico hemolítico, una afección que presenta los siguientes síntomas: producción de orina escasa o nula (falla renal aguda), cansancio extremo, coloración amarillenta de la piel o los ojos (ictericia) y presencia de moretones o sangrado anormales y signos de infección. || • Púrpura trombocitopénica trombótica: una afección que se caracteriza por lesiones en los vasos sanguíneos más pequeños y la presencia de fiebre y formación de moretones debajo de la piel que pueden tener el aspecto de puntos rojos, con o sin cansancio extremo sin razón aparente, confusión, color amarillento de la piel o los ojos (ictericia), con síntomas de falla renal aguda (producción de orina baja o nula), pérdida de la visión y convulsiones. || • Necrólisis epidérmica tóxica: erosión y formación de ampollas en la piel o las membranas mucosas, piel enrojecida e inflamada que se puede desprender en superficies extensas del cuerpo. || • Ceguera."
G00079203-10-damsel-web#1140,¿Cuál es la vida media de eliminación del etinilestradiol en dos fases?,1 hora y 10-20 horas,2,"['Las concentraciones séricas de etinilestradiol disminuyen con una eliminación en dos fases, caracterizadas por vidas medias de 1 hora y 10-20 horas, respectivamente.', 'La vida media de excreción de los metabolitos es de 1 día aproximadamente.']","Las concentraciones séricas de etinilestradiol disminuyen con una eliminación en dos fases, caracterizadas por vidas medias de 1 hora y 10-20 horas, respectivamente. || La vida media de excreción de los metabolitos es de 1 día aproximadamente."
